{
	"partitions" : [
		{
			"name" : "Top",
			"pins" : [
				{
					"name" : "sum[0]",
					"strict" : false
				},
				{
					"name" : "sum[1]",
					"strict" : false
				},
				{
					"name" : "sum[2]",
					"strict" : false
				},
				{
					"name" : "sum[3]",
					"strict" : false
				},
				{
					"name" : "sum[4]",
					"strict" : false
				},
				{
					"name" : "sum[5]",
					"strict" : false
				},
				{
					"name" : "sum[6]",
					"strict" : false
				},
				{
					"name" : "sum[7]",
					"strict" : false
				},
				{
					"name" : "sum[8]",
					"strict" : false
				},
				{
					"name" : "sum[9]",
					"strict" : false
				},
				{
					"name" : "sum[10]",
					"strict" : false
				},
				{
					"name" : "sum[11]",
					"strict" : false
				},
				{
					"name" : "sum[12]",
					"strict" : false
				},
				{
					"name" : "sum[13]",
					"strict" : false
				},
				{
					"name" : "sum[14]",
					"strict" : false
				},
				{
					"name" : "sum[15]",
					"strict" : false
				},
				{
					"name" : "sum[16]",
					"strict" : false
				},
				{
					"name" : "sum[17]",
					"strict" : false
				},
				{
					"name" : "sum[18]",
					"strict" : false
				},
				{
					"name" : "sum[19]",
					"strict" : false
				},
				{
					"name" : "sum[20]",
					"strict" : false
				},
				{
					"name" : "sum[21]",
					"strict" : false
				},
				{
					"name" : "sum[22]",
					"strict" : false
				},
				{
					"name" : "sum[23]",
					"strict" : false
				},
				{
					"name" : "sum[24]",
					"strict" : false
				},
				{
					"name" : "sum[25]",
					"strict" : false
				},
				{
					"name" : "sum[26]",
					"strict" : false
				},
				{
					"name" : "sum[27]",
					"strict" : false
				},
				{
					"name" : "sum[28]",
					"strict" : false
				},
				{
					"name" : "sum[29]",
					"strict" : false
				},
				{
					"name" : "sum[30]",
					"strict" : false
				},
				{
					"name" : "sum[31]",
					"strict" : false
				},
				{
					"name" : "carry_out",
					"strict" : false
				},
				{
					"name" : "carry_in",
					"strict" : false
				},
				{
					"name" : "a[0]",
					"strict" : false
				},
				{
					"name" : "b[0]",
					"strict" : false
				},
				{
					"name" : "a[1]",
					"strict" : false
				},
				{
					"name" : "b[1]",
					"strict" : false
				},
				{
					"name" : "a[2]",
					"strict" : false
				},
				{
					"name" : "b[2]",
					"strict" : false
				},
				{
					"name" : "a[3]",
					"strict" : false
				},
				{
					"name" : "b[3]",
					"strict" : false
				},
				{
					"name" : "a[4]",
					"strict" : false
				},
				{
					"name" : "b[4]",
					"strict" : false
				},
				{
					"name" : "a[5]",
					"strict" : false
				},
				{
					"name" : "b[5]",
					"strict" : false
				},
				{
					"name" : "a[6]",
					"strict" : false
				},
				{
					"name" : "b[6]",
					"strict" : false
				},
				{
					"name" : "a[7]",
					"strict" : false
				},
				{
					"name" : "b[7]",
					"strict" : false
				},
				{
					"name" : "a[8]",
					"strict" : false
				},
				{
					"name" : "b[8]",
					"strict" : false
				},
				{
					"name" : "a[9]",
					"strict" : false
				},
				{
					"name" : "b[9]",
					"strict" : false
				},
				{
					"name" : "a[10]",
					"strict" : false
				},
				{
					"name" : "b[10]",
					"strict" : false
				},
				{
					"name" : "a[11]",
					"strict" : false
				},
				{
					"name" : "b[11]",
					"strict" : false
				},
				{
					"name" : "a[12]",
					"strict" : false
				},
				{
					"name" : "b[12]",
					"strict" : false
				},
				{
					"name" : "a[13]",
					"strict" : false
				},
				{
					"name" : "b[13]",
					"strict" : false
				},
				{
					"name" : "a[14]",
					"strict" : false
				},
				{
					"name" : "b[14]",
					"strict" : false
				},
				{
					"name" : "a[15]",
					"strict" : false
				},
				{
					"name" : "b[15]",
					"strict" : false
				},
				{
					"name" : "a[16]",
					"strict" : false
				},
				{
					"name" : "b[16]",
					"strict" : false
				},
				{
					"name" : "a[17]",
					"strict" : false
				},
				{
					"name" : "b[17]",
					"strict" : false
				},
				{
					"name" : "a[18]",
					"strict" : false
				},
				{
					"name" : "b[18]",
					"strict" : false
				},
				{
					"name" : "a[19]",
					"strict" : false
				},
				{
					"name" : "b[19]",
					"strict" : false
				},
				{
					"name" : "a[20]",
					"strict" : false
				},
				{
					"name" : "b[20]",
					"strict" : false
				},
				{
					"name" : "a[21]",
					"strict" : false
				},
				{
					"name" : "b[21]",
					"strict" : false
				},
				{
					"name" : "a[22]",
					"strict" : false
				},
				{
					"name" : "b[22]",
					"strict" : false
				},
				{
					"name" : "a[23]",
					"strict" : false
				},
				{
					"name" : "b[23]",
					"strict" : false
				},
				{
					"name" : "a[24]",
					"strict" : false
				},
				{
					"name" : "b[24]",
					"strict" : false
				},
				{
					"name" : "a[25]",
					"strict" : false
				},
				{
					"name" : "b[25]",
					"strict" : false
				},
				{
					"name" : "a[26]",
					"strict" : false
				},
				{
					"name" : "b[26]",
					"strict" : false
				},
				{
					"name" : "a[27]",
					"strict" : false
				},
				{
					"name" : "b[27]",
					"strict" : false
				},
				{
					"name" : "a[28]",
					"strict" : false
				},
				{
					"name" : "b[28]",
					"strict" : false
				},
				{
					"name" : "a[29]",
					"strict" : false
				},
				{
					"name" : "b[29]",
					"strict" : false
				},
				{
					"name" : "a[30]",
					"strict" : false
				},
				{
					"name" : "b[30]",
					"strict" : false
				},
				{
					"name" : "a[31]",
					"strict" : false
				},
				{
					"name" : "b[31]",
					"strict" : false
				}
			]
		}
	]
}